[
  {
    "Name": "English",
    "Teacher": {
      "Name": "Nikolay",
      "LastName": "Nikolov",
      "Age": 51,
      "PhoneNumber": null,
      "City": "Ruse"
    },
    "Teacher2": null
  },
  {
    "Name": "Bulgarian",
    "Teacher": {
      "Name": "Doroteya",
      "LastName": "Aleksandrova",
      "Age": 58,
      "PhoneNumber": null,
      "City": "Ruse"
    },
    "Teacher2": null
  },
  {
    "Name": "Maths",
    "Teacher": {
      "Name": "Boryana",
      "LastName": "Kuyumdjieva",
      "Age": 58,
      "PhoneNumber": null,
      "City": "Ruse"
    },
    "Teacher2": null
  },
  {
    "Name": "Philosophy",
    "Teacher": {
      "Name": "Miglena",
      "LastName": "Damyanova",
      "Age": 53,
      "PhoneNumber": null,
      "City": "Ruse"
    },
    "Teacher2": null
  },
  {
    "Name": "Geography",
    "Teacher": {
      "Name": "Tsvetana",
      "LastName": "Bakalova",
      "Age": 60,
      "PhoneNumber": null,
      "City": "Ruse"
    },
    "Teacher2": null
  },
  {
    "Name": "History",
    "Teacher": {
      "Name": "Daniela",
      "LastName": "Stoyanova",
      "Age": 45,
      "PhoneNumber": null,
      "City": "Ruse"
    },
    "Teacher2": null
  },
  {
    "Name": "Physics",
    "Teacher": {
      "Name": "Diana",
      "LastName": "Yordanova",
      "Age": 52,
      "PhoneNumber": null,
      "City": "Ruse"
    },
    "Teacher2": null
  },
  {
    "Name": "Biology",
    "Teacher": {
      "Name": "Biser",
      "LastName": "Stanislavov",
      "Age": 51,
      "PhoneNumber": null,
      "City": "Ruse"
    },
    "Teacher2": null
  },
  {
    "Name": "Chemistry",
    "Teacher": {
      "Name": "Snejana",
      "LastName": "Peneva",
      "Age": 49,
      "PhoneNumber": null,
      "City": "Ruse"
    },
    "Teacher2": null
  },
  {
    "Name": "Informatics",
    "Teacher": {
      "Name": "Neli",
      "LastName": "Tihomirova",
      "Age": 53,
      "PhoneNumber": null,
      "City": "Ruse"
    },
    "Teacher2": {
      "Name": "Rumyana",
      "LastName": "Jekova",
      "Age": 63,
      "PhoneNumber": null,
      "City": "Ruse"
    }
  },
  {
    "Name": "Information and Communications Technologies",
    "Teacher": {
      "Name": "Dilyana",
      "LastName": "Angelova",
      "Age": 38,
      "PhoneNumber": null,
      "City": "Ruse"
    },
    "Teacher2": {
      "Name": "Snejana",
      "LastName": "Todorova",
      "Age": 52,
      "PhoneNumber": null,
      "City": "Ruse"
    }
  },
  {
    "Name": "German",
    "Teacher": {
      "Name": "Asya",
      "LastName": "Kuleva",
      "Age": 62,
      "PhoneNumber": null,
      "City": "Ruse"
    },
    "Teacher2": null
  },
  {
    "Name": "Russian",
    "Teacher": {
      "Name": "Irina",
      "LastName": "Andonova",
      "Age": 59,
      "PhoneNumber": null,
      "City": "Ruse"
    },
    "Teacher2": null
  },
  {
    "Name": "Physical Education",
    "Teacher": {
      "Name": "Veneta",
      "LastName": "Velcheva",
      "Age": 46,
      "PhoneNumber": null,
      "City": "Ruse"
    },
    "Teacher2": null
  },
  {
    "Name": "Music",
    "Teacher": {
      "Name": "Roman",
      "LastName": "Atanasov",
      "Age": 32,
      "PhoneNumber": null,
      "City": "Ruse"
    },
    "Teacher2": null
  },
  {
    "Name": "Art",
    "Teacher": {
      "Name": "Vyara",
      "LastName": "Guneva",
      "Age": 49,
      "PhoneNumber": null,
      "City": "Ruse"
    },
    "Teacher2": null
  }
]