[
  {
    "Name": "Nikolay",
    "LastName": "Nikolov",
    "Age": 51,
    "PhoneNumber": null,
    "City": "Ruse"
  },
  {
    "Name": "Doroteya",
    "LastName": "Aleksandrova",
    "Age": 58,
    "PhoneNumber": null,
    "City": "Ruse"
  },
  {
    "Name": "Boryana",
    "LastName": "Kuyumdjieva",
    "Age": 58,
    "PhoneNumber": null,
    "City": "Ruse"
  },
  {
    "Name": "Miglena",
    "LastName": "Damyanova",
    "Age": 53,
    "PhoneNumber": null,
    "City": "Ruse"
  },
  {
    "Name": "Tsvetana",
    "LastName": "Bakalova",
    "Age": 60,
    "PhoneNumber": null,
    "City": "Ruse"
  },
  {
    "Name": "Daniela",
    "LastName": "Stoyanova",
    "Age": 45,
    "PhoneNumber": null,
    "City": "Ruse"
  },
  {
    "Name": "Diana",
    "LastName": "Yordanova",
    "Age": 52,
    "PhoneNumber": null,
    "City": "Ruse"
  },
  {
    "Name": "Biser",
    "LastName": "Stanislavov",
    "Age": 51,
    "PhoneNumber": null,
    "City": "Ruse"
  },
  {
    "Name": "Snejana",
    "LastName": "Peneva",
    "Age": 49,
    "PhoneNumber": null,
    "City": "Ruse"
  },
  {
    "Name": "Neli",
    "LastName": "Tihomirova",
    "Age": 53,
    "PhoneNumber": null,
    "City": "Ruse"
  },
  {
    "Name": "Rumyana",
    "LastName": "Jekova",
    "Age": 63,
    "PhoneNumber": null,
    "City": "Ruse"
  },
  {
    "Name": "Dilyana",
    "LastName": "Angelova",
    "Age": 38,
    "PhoneNumber": null,
    "City": "Ruse"
  },
  {
    "Name": "Snejana",
    "LastName": "Todorova",
    "Age": 52,
    "PhoneNumber": null,
    "City": "Ruse"
  },
  {
    "Name": "Asya",
    "LastName": "Kuleva",
    "Age": 62,
    "PhoneNumber": null,
    "City": "Ruse"
  },
  {
    "Name": "Irina",
    "LastName": "Andonova",
    "Age": 59,
    "PhoneNumber": null,
    "City": "Ruse"
  },
  {
    "Name": "Veneta",
    "LastName": "Velcheva",
    "Age": 46,
    "PhoneNumber": null,
    "City": "Ruse"
  },
  {
    "Name": "Roman",
    "LastName": "Atanasov",
    "Age": 32,
    "PhoneNumber": null,
    "City": "Ruse"
  },
  {
    "Name": "Vyara",
    "LastName": "Guneva",
    "Age": 49,
    "PhoneNumber": null,
    "City": "Ruse"
  }
]